<?xml version="1.0" encoding="UTF-8"?>
<module rename-to='controlroom'>
  <!-- Inherit the core Web Toolkit stuff.                        -->
  <inherits name='com.google.gwt.user.User'/>
  
  <!-- Inherit the default GWT style sheet.  You can change       -->
  <!-- the theme of your GWT application by uncommenting          -->
  <!-- any one of the following lines.                            -->
   <inherits name='com.extjs.gxt.ui.GXT'/>
  <!-- inherits name='com.google.gwt.user.theme.clean.Clean'/ -->
  <!-- <inherits name='com.google.gwt.user.theme.standard.Standard'/> -->
  <!-- inherits name='com.google.gwt.user.theme.chrome.Chrome'/ -->
 <!-- inherits name="com.google.gwt.user.theme.dark.DarkRTL"/ -->
  <!-- inherits name="com.google.gwt.user.theme.chrome.ChromeRTL"/ -->
  <inherits name='com.gwtplatform.mvp.Mvp' />
  <inherits name='com.extjs.gxt.themes.Themes' />
  <inherits name='next.interfaces' />
  <define-configuration-property name="gin.ginjector" is-multi-valued="false" />
  <set-configuration-property name="gin.ginjector"
       value="com.controlroom.client.MyGinjector" />
  <!-- Other module inherits                                      -->

  <!-- Specify the app entry point class.                         -->
  <entry-point class='com.controlroom.client.ControlRoom'/>

  <!-- Specify the paths for translatable code                    -->
  <source path='client'/>
  <source path='shared'/>

</module>
