<?xml version="1.0" encoding="UTF-8"?>
<!DOCTYPE module PUBLIC "-//Google Inc.//DTD Google Web Toolkit 2.4.0//EN" "http://google-web-toolkit.googlecode.com/svn/tags/2.4.0/distro-source/core/src/gwt-module.dtd">
<module rename-to="mobile">
	<inherits name="com.google.gwt.user.User" />
	<inherits name='next.interfaces' />
	 <inherits name='com.extjs.gxt.ui.GXT'/>
	   <inherits name='com.gwtplatform.mvp.Mvp' />
	   <inherits name='com.extjs.gxt.themes.Themes' />
	<source path="client" />
	 <source path='shared'/>
	 
	<entry-point class="com.controlroom.client.mobile.MobileControlRoom" />
</module>